id,user_id,content,created_at
9876,100001,"Bài viết rất hay, cảm ơn tác giả!",2025-03-17T13:00:00Z
9877,100002,"Bài viết rất hay, cảm ơn tác giả!",2025-03-17T13:01:00Z
9878,100003,"Bài viết rất hay, cảm ơn tác giả!",2025-03-17T13:02:00Z
9879,100004,"Bài viết rất hay, cảm ơn tác giả!",2025-03-17T13:03:00Z
9880,100005,"Bài viết rất hay, cảm ơn tác giả!",2025-03-17T13:04:00Z
9881,100001,"Bài viết rất hay, cảm ơn tác giả!",2025-03-17T13:05:00Z
9882,100002,"Bài viết rất hay, cảm ơn tác giả!",2025-03-17T13:06:00Z
9883,100003,"Bài viết rất hay, cảm ơn tác giả!",2025-03-17T13:07:00Z
9884,100004,"Bài viết rất hay, cảm ơn tác giả!",2025-03-17T13:08:00Z
9885,100005,"Bài viết rất hay, cảm ơn tác giả!",2025-03-17T13:09:00Z
9886,100001,"Bài viết rất hay, cảm ơn tác giả!",2025-03-17T13:10:00Z
9887,100002,"Bài viết rất hay, cảm ơn tác giả!",2025-03-17T13:11:00Z
9888,100003,"Bài viết rất hay, cảm ơn tác giả!",2025-03-17T13:12:00Z
9889,100004,"Bài viết rất hay, cảm ơn tác giả!",2025-03-17T13:13:00Z
9890,100005,"Bài viết rất hay, cảm ơn tác giả!",2025-03-17T13:14:00Z
